section,diagramNumber,originalPartNumber,currentServicePartNumber,description,nlaStatus,availability,searsPrice,encompassPrice,selectedRetailPrice,selectedRetailPriceSource,sources,reviewFlags,sourceUrls
"Backsplash, Blower and Drive Assembly",1,31-16282,31-16282,Wiring Diagram (front Si),,No longer made / no substitute,,,,,sears_partsdirect_screenshot_json,not_in_complete_bom_csv,https://www.searspartsdirect.com/model/4x4e8wp29p-001811/hotpoint-htdx100ed3ww-dryer-parts?page=9
"Backsplash, Blower and Drive Assembly",1,31-16719,31-16719,Installation Instructions,,No longer made / no substitute,,,,,sears_partsdirect_screenshot_json,not_in_complete_bom_csv,https://www.searspartsdirect.com/model/4x4e8wp29p-001811/hotpoint-htdx100ed3ww-dryer-parts?page=9
"Backsplash, Blower and Drive Assembly",1,39-90406-1,39-90406-1,Use & Care (Hotpoint),,No longer made / no substitute,,,,,sears_partsdirect_screenshot_json,not_in_complete_bom_csv,https://www.searspartsdirect.com/model/4x4e8wp29p-001811/hotpoint-htdx100ed3ww-dryer-parts?page=9
"Backsplash, Blower and Drive Assembly",3,WE19M1478,WE49X22294,End cap LH white,false,In Stock,69.63,,69.63,searspartsdirect.com,ge_appliance_parts_complete_bom_csv; sears_partsdirect_screenshot_json,,https://www.geapplianceparts.com/store/parts/assembly/HTDX100ED3WW; https://www.searspartsdirect.com/model/4x4e8wp29p-001811/hotpoint-htdx100ed3ww-dryer-parts?page=8
"Backsplash, Blower and Drive Assembly",4,WE19M1477,WE49X22294,End cap RH white,false,In Stock,69.63,,69.63,searspartsdirect.com,ge_appliance_parts_complete_bom_csv; sears_partsdirect_screenshot_json,,https://www.geapplianceparts.com/store/parts/assembly/HTDX100ED3WW; https://www.searspartsdirect.com/model/4x4e8wp29p-001811/hotpoint-htdx100ed3ww-dryer-parts?page=8
"Backsplash, Blower and Drive Assembly",7,WE1M652,WE1M652,"Dryer timer knob, white",false,In Stock,14.11,11.95,14.11,searspartsdirect.com,ge_appliance_parts_complete_bom_csv; sears_partsdirect_screenshot_json; sears_catalog_api_capture; operator_price_comparison_csv,,https://www.geapplianceparts.com/store/parts/assembly/HTDX100ED3WW; https://www.searspartsdirect.com/model/4x4e8wp29p-001811/hotpoint-htdx100ed3ww-dryer-parts?page=1; https://www.searspartsdirect.com/model/4x4e8wp29p-001811/hotpoint-htdx100ed3ww-dryer-parts
"Backsplash, Blower and Drive Assembly",13,WE19M1713,WE19M1713,Backsplash graphics assembly,false,In Stock,203.02,,203.02,searspartsdirect.com,ge_appliance_parts_complete_bom_csv; sears_partsdirect_screenshot_json,has_duplicate_rendered_sears_rows,https://www.geapplianceparts.com/store/parts/assembly/HTDX100ED3WW; https://www.searspartsdirect.com/model/4x4e8wp29p-001811/hotpoint-htdx100ed3ww-dryer-parts?page=4
"Backsplash, Blower and Drive Assembly",19,WH01X10313,WH01X10313,"Control knob, white",false,In Stock,9.04,,9.04,searspartsdirect.com,ge_appliance_parts_complete_bom_csv; sears_partsdirect_screenshot_json,,https://www.geapplianceparts.com/store/parts/assembly/HTDX100ED3WW; https://www.searspartsdirect.com/model/4x4e8wp29p-001811/hotpoint-htdx100ed3ww-dryer-parts?page=2
"Backsplash, Blower and Drive Assembly",35,WE4M416,WE4M416,Dryer Push-to-start Switch,false,In Stock,32.53,21.95,32.53,searspartsdirect.com,ge_appliance_parts_complete_bom_csv; sears_partsdirect_screenshot_json; sears_catalog_api_capture; operator_price_comparison_csv,,https://www.geapplianceparts.com/store/parts/assembly/HTDX100ED3WW; https://www.searspartsdirect.com/model/4x4e8wp29p-001811/hotpoint-htdx100ed3ww-dryer-parts?page=1; https://www.searspartsdirect.com/model/4x4e8wp29p-001811/hotpoint-htdx100ed3ww-dryer-parts
"Backsplash, Blower and Drive Assembly",72,WE19M1481,WE19M1481,"Dryer Control Panel Cover, Rear",false,In Stock,63.25,,63.25,searspartsdirect.com,ge_appliance_parts_complete_bom_csv; sears_partsdirect_screenshot_json,,https://www.geapplianceparts.com/store/parts/assembly/HTDX100ED3WW; https://www.searspartsdirect.com/model/4x4e8wp29p-001811/hotpoint-htdx100ed3ww-dryer-parts?page=3
"Backsplash, Blower and Drive Assembly",75,WE2M173,WE2M173,"Attachment screw, Phillips head",true,In Stock,10.47,,10.47,searspartsdirect.com,ge_appliance_parts_complete_bom_csv; sears_partsdirect_screenshot_json,nla_status_conflict,https://www.geapplianceparts.com/store/parts/assembly/HTDX100ED3WW; https://www.searspartsdirect.com/model/4x4e8wp29p-001811/hotpoint-htdx100ed3ww-dryer-parts?page=4
"Backsplash, Blower and Drive Assembly",87,WE4M404,WE4M404,"Rotary switch, 3-temp electric",false,In Stock,36.33,,36.33,searspartsdirect.com,ge_appliance_parts_complete_bom_csv; sears_partsdirect_screenshot_json,,https://www.geapplianceparts.com/store/parts/assembly/HTDX100ED3WW; https://www.searspartsdirect.com/model/4x4e8wp29p-001811/hotpoint-htdx100ed3ww-dryer-parts?page=6
"Backsplash, Blower and Drive Assembly",100,WE4M532,WE4M532,Dryer Timer,false,In Stock,97.52,,97.52,searspartsdirect.com,ge_appliance_parts_complete_bom_csv; sears_partsdirect_screenshot_json,,https://www.geapplianceparts.com/store/parts/assembly/HTDX100ED3WW; https://www.searspartsdirect.com/model/4x4e8wp29p-001811/hotpoint-htdx100ed3ww-dryer-parts?page=2
"Backsplash, Blower and Drive Assembly",201,WE16X20393,WE16X20393,Laundry Center Dryer Blower Wheel,false,In Stock,49.26,35.95,49.26,searspartsdirect.com,ge_appliance_parts_complete_bom_csv; sears_partsdirect_screenshot_json; sears_catalog_api_capture; operator_price_comparison_csv,,https://www.geapplianceparts.com/store/parts/assembly/HTDX100ED3WW; https://www.searspartsdirect.com/model/4x4e8wp29p-001811/hotpoint-htdx100ed3ww-dryer-parts?page=1; https://www.searspartsdirect.com/model/4x4e8wp29p-001811/hotpoint-htdx100ed3ww-dryer-parts
"Backsplash, Blower and Drive Assembly",203,WE13X0200,WE13X30697,Dryer Motor Clamp,false,In Stock,39.56,,39.56,searspartsdirect.com,ge_appliance_parts_complete_bom_csv; sears_partsdirect_screenshot_json,,https://www.geapplianceparts.com/store/parts/assembly/HTDX100ED3WW; https://www.searspartsdirect.com/model/4x4e8wp29p-001811/hotpoint-htdx100ed3ww-dryer-parts?page=7
"Backsplash, Blower and Drive Assembly",204,WE1X921,WE1X921,Motor strap,false,In Stock,36.7,,36.7,searspartsdirect.com,ge_appliance_parts_complete_bom_csv; sears_partsdirect_screenshot_json,,https://www.geapplianceparts.com/store/parts/assembly/HTDX100ED3WW; https://www.searspartsdirect.com/model/4x4e8wp29p-001811/hotpoint-htdx100ed3ww-dryer-parts?page=5
"Backsplash, Blower and Drive Assembly",205,WE13M39,WE13M39,Motor support,false,In Stock,42.52,,42.52,searspartsdirect.com,ge_appliance_parts_complete_bom_csv; sears_partsdirect_screenshot_json,,https://www.geapplianceparts.com/store/parts/assembly/HTDX100ED3WW; https://www.searspartsdirect.com/model/4x4e8wp29p-001811/hotpoint-htdx100ed3ww-dryer-parts?page=3
"Backsplash, Blower and Drive Assembly",206,WE2M200,WE2M200,Ground screw,false,,,,,,ge_appliance_parts_complete_bom_csv,missing_from_sears_rendered_rows,https://www.geapplianceparts.com/store/parts/assembly/HTDX100ED3WW
"Backsplash, Blower and Drive Assembly",213,WE12X21574,WE03X29897,Dryer Drum Belt,false,In Stock,49.5,32.95,49.5,searspartsdirect.com,ge_appliance_parts_complete_bom_csv; sears_partsdirect_screenshot_json; sears_catalog_api_capture; operator_price_comparison_csv,,https://www.geapplianceparts.com/store/parts/assembly/HTDX100ED3WW; https://www.searspartsdirect.com/model/4x4e8wp29p-001811/hotpoint-htdx100ed3ww-dryer-parts?page=1; https://www.searspartsdirect.com/model/4x4e8wp29p-001811/hotpoint-htdx100ed3ww-dryer-parts
"Backsplash, Blower and Drive Assembly",215,WE03X20434,WE03X20434,Dryer Idler Pulley Arm,false,In Stock,104.01,,104.01,searspartsdirect.com,ge_appliance_parts_complete_bom_csv; sears_partsdirect_screenshot_json,,https://www.geapplianceparts.com/store/parts/assembly/HTDX100ED3WW; https://www.searspartsdirect.com/model/4x4e8wp29p-001811/hotpoint-htdx100ed3ww-dryer-parts?page=2
"Backsplash, Blower and Drive Assembly",216,WE12X20395,WE03X31620,Dryer Idler Pulley,false,In Stock,66.67,,66.67,searspartsdirect.com,ge_appliance_parts_complete_bom_csv; sears_partsdirect_screenshot_json,,https://www.geapplianceparts.com/store/parts/assembly/HTDX100ED3WW; https://www.searspartsdirect.com/model/4x4e8wp29p-001811/hotpoint-htdx100ed3ww-dryer-parts?page=8
"Backsplash, Blower and Drive Assembly",218,WE1M966,WE09X27636,Blower gasket / exhaust gasket,false,In Stock,58.63,,58.63,searspartsdirect.com,ge_appliance_parts_complete_bom_csv; sears_partsdirect_screenshot_json,has_duplicate_rendered_sears_rows,https://www.geapplianceparts.com/store/parts/assembly/HTDX100ED3WW; https://www.searspartsdirect.com/model/4x4e8wp29p-001811/hotpoint-htdx100ed3ww-dryer-parts?page=7
"Backsplash, Blower and Drive Assembly",219,WE14X20392,WE14X20392,Blower housing assembly,true,No longer made / no substitute,,,,,ge_appliance_parts_complete_bom_csv; sears_partsdirect_screenshot_json,,https://www.geapplianceparts.com/store/parts/assembly/HTDX100ED3WW; https://www.searspartsdirect.com/model/4x4e8wp29p-001811/hotpoint-htdx100ed3ww-dryer-parts?page=9
"Backsplash, Blower and Drive Assembly",223,WE2M189,WE2M189,Screw,true,In Stock,9.23,,9.23,searspartsdirect.com,ge_appliance_parts_complete_bom_csv; sears_partsdirect_screenshot_json,nla_status_conflict,https://www.geapplianceparts.com/store/parts/assembly/HTDX100ED3WW; https://www.searspartsdirect.com/model/4x4e8wp29p-001811/hotpoint-htdx100ed3ww-dryer-parts?page=5
"Backsplash, Blower and Drive Assembly",228,WE14X20421,WE14X20421,Dryer Exhaust Duct,true,No longer made / no substitute,,,,,ge_appliance_parts_complete_bom_csv; sears_partsdirect_screenshot_json,,https://www.geapplianceparts.com/store/parts/assembly/HTDX100ED3WW; https://www.searspartsdirect.com/model/4x4e8wp29p-001811/hotpoint-htdx100ed3ww-dryer-parts?page=9
"Backsplash, Blower and Drive Assembly",230,WE4M127,WE4M127,Dryer Operating Thermostat,false,In Stock,24.43,,24.43,searspartsdirect.com,ge_appliance_parts_complete_bom_csv; sears_partsdirect_screenshot_json,,https://www.geapplianceparts.com/store/parts/assembly/HTDX100ED3WW; https://www.searspartsdirect.com/model/4x4e8wp29p-001811/hotpoint-htdx100ed3ww-dryer-parts?page=3
"Backsplash, Blower and Drive Assembly",231,WE2M187,WD02X10057,Screw,false,In Stock,9.01,,9.01,searspartsdirect.com,ge_appliance_parts_complete_bom_csv; sears_partsdirect_screenshot_json,has_duplicate_rendered_sears_rows,https://www.geapplianceparts.com/store/parts/assembly/HTDX100ED3WW; https://www.searspartsdirect.com/model/4x4e8wp29p-001811/hotpoint-htdx100ed3ww-dryer-parts?page=7
"Backsplash, Blower and Drive Assembly",232,WE2M202,WE2M202,Screw,false,In Stock,10.53,,10.53,searspartsdirect.com,ge_appliance_parts_complete_bom_csv; sears_partsdirect_screenshot_json,,https://www.geapplianceparts.com/store/parts/assembly/HTDX100ED3WW; https://www.searspartsdirect.com/model/4x4e8wp29p-001811/hotpoint-htdx100ed3ww-dryer-parts?page=6
"Backsplash, Blower and Drive Assembly",233,WE13X20394,WE13X20394,Motor plate,true,No longer made / no substitute,,,,,ge_appliance_parts_complete_bom_csv; sears_partsdirect_screenshot_json,,https://www.geapplianceparts.com/store/parts/assembly/HTDX100ED3WW; https://www.searspartsdirect.com/model/4x4e8wp29p-001811/hotpoint-htdx100ed3ww-dryer-parts?page=9
"Backsplash, Blower and Drive Assembly",234,WE2M96,WE2M96,Nut/cap,false,In Stock,38.43,,38.43,searspartsdirect.com,ge_appliance_parts_complete_bom_csv; sears_partsdirect_screenshot_json,,https://www.geapplianceparts.com/store/parts/assembly/HTDX100ED3WW; https://www.searspartsdirect.com/model/4x4e8wp29p-001811/hotpoint-htdx100ed3ww-dryer-parts?page=2
"Backsplash, Blower and Drive Assembly",235,WE2M307,WE2M307,"Screw, 10-16 x 1/2 AB",false,In Stock,10.71,,10.71,searspartsdirect.com,ge_appliance_parts_complete_bom_csv; sears_partsdirect_screenshot_json,,https://www.geapplianceparts.com/store/parts/assembly/HTDX100ED3WW; https://www.searspartsdirect.com/model/4x4e8wp29p-001811/hotpoint-htdx100ed3ww-dryer-parts?page=4
"Backsplash, Blower and Drive Assembly",237,WE2M154,WD02X10057,Screw,false,In Stock,9.01,,9.01,searspartsdirect.com,ge_appliance_parts_complete_bom_csv; sears_partsdirect_screenshot_json,has_duplicate_rendered_sears_rows,https://www.geapplianceparts.com/store/parts/assembly/HTDX100ED3WW; https://www.searspartsdirect.com/model/4x4e8wp29p-001811/hotpoint-htdx100ed3ww-dryer-parts?page=7
"Backsplash, Blower and Drive Assembly",239,WE2M167,WR2X9260,"Screw, 6-20 x .84 AB pan quadrex",false,In Stock,31.77,,31.77,searspartsdirect.com,ge_appliance_parts_complete_bom_csv; sears_partsdirect_screenshot_json,has_duplicate_rendered_sears_rows,https://www.geapplianceparts.com/store/parts/assembly/HTDX100ED3WW; https://www.searspartsdirect.com/model/4x4e8wp29p-001811/hotpoint-htdx100ed3ww-dryer-parts?page=7
"Backsplash, Blower and Drive Assembly",240,WE1M280,WE1M280,Screw,false,,,,,,ge_appliance_parts_complete_bom_csv,missing_from_sears_rendered_rows,https://www.geapplianceparts.com/store/parts/assembly/HTDX100ED3WW
"Backsplash, Blower and Drive Assembly",461,WZ05X0158,WZ5X158D,"Screw, ground",false,,,,,,ge_appliance_parts_complete_bom_csv,missing_from_sears_rendered_rows,https://www.geapplianceparts.com/store/parts/assembly/HTDX100ED3WW
"Backsplash, Blower and Drive Assembly",502,WE2M174,WE2M174,Washer Screw,false,In Stock,13.18,,13.18,searspartsdirect.com,ge_appliance_parts_complete_bom_csv; sears_partsdirect_screenshot_json,,https://www.geapplianceparts.com/store/parts/assembly/HTDX100ED3WW; https://www.searspartsdirect.com/model/4x4e8wp29p-001811/hotpoint-htdx100ed3ww-dryer-parts?page=3
"Backsplash, Blower and Drive Assembly",630,WE17M66,WE17X22217,Dryer Drive Motor With Pulley,false,In Stock,183.37,152.95,183.37,searspartsdirect.com,ge_appliance_parts_complete_bom_csv; sears_partsdirect_screenshot_json; sears_catalog_api_capture; operator_price_comparison_csv,,https://www.geapplianceparts.com/store/parts/assembly/HTDX100ED3WW; https://www.searspartsdirect.com/model/4x4e8wp29p-001811/hotpoint-htdx100ed3ww-dryer-parts?page=1; https://www.searspartsdirect.com/model/4x4e8wp29p-001811/hotpoint-htdx100ed3ww-dryer-parts
"Backsplash, Blower and Drive Assembly",631,WE1M650,WE1M650,Dryer Motor Wire Harness Connector,true,No longer made / no substitute,,,,,ge_appliance_parts_complete_bom_csv; sears_partsdirect_screenshot_json,,https://www.geapplianceparts.com/store/parts/assembly/HTDX100ED3WW; https://www.searspartsdirect.com/model/4x4e8wp29p-001811/hotpoint-htdx100ed3ww-dryer-parts?page=9
"Backsplash, Blower and Drive Assembly",803,WD21X557,WD21X10261,Switch interlock,false,In Stock,25.59,,25.59,searspartsdirect.com,ge_appliance_parts_complete_bom_csv; sears_partsdirect_screenshot_json,,https://www.geapplianceparts.com/store/parts/assembly/HTDX100ED3WW; https://www.searspartsdirect.com/model/4x4e8wp29p-001811/hotpoint-htdx100ed3ww-dryer-parts?page=2
"Backsplash, Blower and Drive Assembly",2232,WE1M659,WE1M659,Push/start button,false,,,,,,ge_appliance_parts_complete_bom_csv,missing_from_sears_rendered_rows,https://www.geapplianceparts.com/store/parts/assembly/HTDX100ED3WW
Cabinet and Top Panel,2,WE02X20422,WE02X20422,Screw 8-18 x 7/16,true,In Stock,8.13,,8.13,searspartsdirect.com,ge_appliance_parts_complete_bom_csv; sears_partsdirect_screenshot_json,nla_status_conflict,https://www.geapplianceparts.com/store/parts/assembly/HTDX100ED3WW; https://www.searspartsdirect.com/model/4x4e8wp29p-001811/hotpoint-htdx100ed3ww-dryer-parts?page=6
Cabinet and Top Panel,80,WE4M255,WE4M255,Kenmore Dryer Timer Resistor,false,In Stock,38.35,,38.35,searspartsdirect.com,ge_appliance_parts_complete_bom_csv; sears_partsdirect_screenshot_json,,https://www.geapplianceparts.com/store/parts/assembly/HTDX100ED3WW; https://www.searspartsdirect.com/model/4x4e8wp29p-001811/hotpoint-htdx100ed3ww-dryer-parts?page=3
Cabinet and Top Panel,222,WE20X20412,WE20X20412,Dryer bottom cover,true,In Stock,139.1,,139.1,searspartsdirect.com,ge_appliance_parts_complete_bom_csv; sears_partsdirect_screenshot_json,nla_status_conflict,https://www.geapplianceparts.com/store/parts/assembly/HTDX100ED3WW; https://www.searspartsdirect.com/model/4x4e8wp29p-001811/hotpoint-htdx100ed3ww-dryer-parts?page=4
Cabinet and Top Panel,231,WE2M187,WD02X10057,Screw,false,In Stock,9.01,,9.01,searspartsdirect.com,ge_appliance_parts_complete_bom_csv; sears_partsdirect_screenshot_json,has_duplicate_rendered_sears_rows,https://www.geapplianceparts.com/store/parts/assembly/HTDX100ED3WW; https://www.searspartsdirect.com/model/4x4e8wp29p-001811/hotpoint-htdx100ed3ww-dryer-parts?page=7
Cabinet and Top Panel,235,WE2M307,WE2M307,"Screw, 10-16 x 1/2 AB",false,In Stock,10.71,,10.71,searspartsdirect.com,ge_appliance_parts_complete_bom_csv; sears_partsdirect_screenshot_json,,https://www.geapplianceparts.com/store/parts/assembly/HTDX100ED3WW; https://www.searspartsdirect.com/model/4x4e8wp29p-001811/hotpoint-htdx100ed3ww-dryer-parts?page=4
Cabinet and Top Panel,236,WE1M1101,WE01X29357,Leveling leg,false,,,,,,ge_appliance_parts_complete_bom_csv,missing_from_sears_rendered_rows,https://www.geapplianceparts.com/store/parts/assembly/HTDX100ED3WW
Cabinet and Top Panel,237,WE2M154,WD02X10057,Screw,false,In Stock,9.01,,9.01,searspartsdirect.com,ge_appliance_parts_complete_bom_csv; sears_partsdirect_screenshot_json,has_duplicate_rendered_sears_rows,https://www.geapplianceparts.com/store/parts/assembly/HTDX100ED3WW; https://www.searspartsdirect.com/model/4x4e8wp29p-001811/hotpoint-htdx100ed3ww-dryer-parts?page=7
Cabinet and Top Panel,250,WE2M223,WE2M223,Screw,false,In Stock,8.39,,8.39,searspartsdirect.com,ge_appliance_parts_complete_bom_csv; sears_partsdirect_screenshot_json,,https://www.geapplianceparts.com/store/parts/assembly/HTDX100ED3WW; https://www.searspartsdirect.com/model/4x4e8wp29p-001811/hotpoint-htdx100ed3ww-dryer-parts?page=6
Cabinet and Top Panel,271,WE1M1030,WE1M1030,Shield bottom cover,true,In Stock,40.43,,40.43,searspartsdirect.com,ge_appliance_parts_complete_bom_csv; sears_partsdirect_screenshot_json,nla_status_conflict,https://www.geapplianceparts.com/store/parts/assembly/HTDX100ED3WW; https://www.searspartsdirect.com/model/4x4e8wp29p-001811/hotpoint-htdx100ed3ww-dryer-parts?page=4
Cabinet and Top Panel,401,WE20X20417,WE20X20417,"Dryer access panel, white",false,In Stock,70.02,,70.02,searspartsdirect.com,ge_appliance_parts_complete_bom_csv; sears_partsdirect_screenshot_json,,https://www.geapplianceparts.com/store/parts/assembly/HTDX100ED3WW; https://www.searspartsdirect.com/model/4x4e8wp29p-001811/hotpoint-htdx100ed3ww-dryer-parts?page=3
Cabinet and Top Panel,403,WE2M160,WE2M160,Screw #8,false,In Stock,8.95,,8.95,searspartsdirect.com,ge_appliance_parts_complete_bom_csv; sears_partsdirect_screenshot_json,,https://www.geapplianceparts.com/store/parts/assembly/HTDX100ED3WW; https://www.searspartsdirect.com/model/4x4e8wp29p-001811/hotpoint-htdx100ed3ww-dryer-parts?page=6
Cabinet and Top Panel,404,WE20X20406,WE20X20406,Dryer Side Panel (white),true,In Stock,343.09,,343.09,searspartsdirect.com,ge_appliance_parts_complete_bom_csv; sears_partsdirect_screenshot_json,nla_status_conflict,https://www.geapplianceparts.com/store/parts/assembly/HTDX100ED3WW; https://www.searspartsdirect.com/model/4x4e8wp29p-001811/hotpoint-htdx100ed3ww-dryer-parts?page=5
Cabinet and Top Panel,408,WE20X20391,WE20X20391,Dryer chassis base,true,In Stock,128.46,,128.46,searspartsdirect.com,ge_appliance_parts_complete_bom_csv; sears_partsdirect_screenshot_json,nla_status_conflict,https://www.geapplianceparts.com/store/parts/assembly/HTDX100ED3WW; https://www.searspartsdirect.com/model/4x4e8wp29p-001811/hotpoint-htdx100ed3ww-dryer-parts?page=6
Cabinet and Top Panel,417,WE1M1003,WE1M1003,Dryer Fuse Holder,false,In Stock,37.19,,37.19,searspartsdirect.com,ge_appliance_parts_complete_bom_csv; sears_partsdirect_screenshot_json,,https://www.geapplianceparts.com/store/parts/assembly/HTDX100ED3WW; https://www.searspartsdirect.com/model/4x4e8wp29p-001811/hotpoint-htdx100ed3ww-dryer-parts?page=6
Cabinet and Top Panel,418,WE1M1002,WE1M1002,"Power fuse, 30 amp, 120 volt",false,,,,,,ge_appliance_parts_complete_bom_csv,missing_from_sears_rendered_rows,https://www.geapplianceparts.com/store/parts/assembly/HTDX100ED3WW
Cabinet and Top Panel,419,WE4M525,WE4M525,Terminal block and ground strap,false,In Stock,20.75,,20.75,searspartsdirect.com,ge_appliance_parts_complete_bom_csv; sears_partsdirect_screenshot_json,,https://www.geapplianceparts.com/store/parts/assembly/HTDX100ED3WW; https://www.searspartsdirect.com/model/4x4e8wp29p-001811/hotpoint-htdx100ed3ww-dryer-parts?page=3
Cabinet and Top Panel,420,WE20X20396,WE20X20396,Rear panel,true,,,,,,ge_appliance_parts_complete_bom_csv,missing_from_sears_rendered_rows,https://www.geapplianceparts.com/store/parts/assembly/HTDX100ED3WW
Cabinet and Top Panel,420,WE20X20596,WE20X20596,Panel,,In Stock,133.16,,133.16,searspartsdirect.com,sears_partsdirect_screenshot_json,not_in_complete_bom_csv,https://www.searspartsdirect.com/model/4x4e8wp29p-001811/hotpoint-htdx100ed3ww-dryer-parts?page=4
Cabinet and Top Panel,430,WE1M1007,WE1M1007,Cover fuse terminal,false,In Stock,31.93,,31.93,searspartsdirect.com,ge_appliance_parts_complete_bom_csv; sears_partsdirect_screenshot_json,,https://www.geapplianceparts.com/store/parts/assembly/HTDX100ED3WW; https://www.searspartsdirect.com/model/4x4e8wp29p-001811/hotpoint-htdx100ed3ww-dryer-parts?page=3
Cabinet and Top Panel,431,WE01X20423,WE01X20423,"Strain relief bracket, electric",false,In Stock,9.01,,9.01,searspartsdirect.com,ge_appliance_parts_complete_bom_csv; sears_partsdirect_screenshot_json,,https://www.geapplianceparts.com/store/parts/assembly/HTDX100ED3WW; https://www.searspartsdirect.com/model/4x4e8wp29p-001811/hotpoint-htdx100ed3ww-dryer-parts?page=5
Cabinet and Top Panel,461,WZ05X0158,WZ5X158D,"Screw, ground",false,,,,,,ge_appliance_parts_complete_bom_csv,missing_from_sears_rendered_rows,https://www.geapplianceparts.com/store/parts/assembly/HTDX100ED3WW
Cabinet and Top Panel,3204,WH2M270,WZ4X241D,Screw pkg 12,false,,,,,,ge_appliance_parts_complete_bom_csv,missing_from_sears_rendered_rows,https://www.geapplianceparts.com/store/parts/assembly/HTDX100ED3WW
Drum,240,WE1M280,WE1M280,Screw,false,,,,,,ge_appliance_parts_complete_bom_csv,missing_from_sears_rendered_rows,https://www.geapplianceparts.com/store/parts/assembly/HTDX100ED3WW
Drum,502,WE2M174,WE2M174,Washer Screw,false,In Stock,13.18,,13.18,searspartsdirect.com,ge_appliance_parts_complete_bom_csv; sears_partsdirect_screenshot_json,,https://www.geapplianceparts.com/store/parts/assembly/HTDX100ED3WW; https://www.searspartsdirect.com/model/4x4e8wp29p-001811/hotpoint-htdx100ed3ww-dryer-parts?page=3
Drum,503,WE21X20407,WE21X20562,"Drum assembly, 6.0 cu. ft., white",false,In Stock,433.03,,433.03,searspartsdirect.com,ge_appliance_parts_complete_bom_csv; sears_partsdirect_screenshot_json,,https://www.geapplianceparts.com/store/parts/assembly/HTDX100ED3WW; https://www.searspartsdirect.com/model/4x4e8wp29p-001811/hotpoint-htdx100ed3ww-dryer-parts?page=4
Drum,504,WE14X20408,WE11X29438,Dryer Drum Rear Cover,false,In Stock,39.43,,39.43,searspartsdirect.com,ge_appliance_parts_complete_bom_csv; sears_partsdirect_screenshot_json,,https://www.geapplianceparts.com/store/parts/assembly/HTDX100ED3WW; https://www.searspartsdirect.com/model/4x4e8wp29p-001811/hotpoint-htdx100ed3ww-dryer-parts?page=3
Drum,505,WE4M160,WE4M160,Dryer Safety Thermostat,false,In Stock,179.92,,179.92,searspartsdirect.com,ge_appliance_parts_complete_bom_csv; sears_partsdirect_screenshot_json,,https://www.geapplianceparts.com/store/parts/assembly/HTDX100ED3WW; https://www.searspartsdirect.com/model/4x4e8wp29p-001811/hotpoint-htdx100ed3ww-dryer-parts?page=2
Drum,506,WE4M181,WE4M181,"Cycling thermostat, 4-wire",false,In Stock,110.52,28.95,110.52,searspartsdirect.com,ge_appliance_parts_complete_bom_csv; sears_partsdirect_screenshot_json; operator_price_comparison_csv,sears_price_conflict,https://www.geapplianceparts.com/store/parts/assembly/HTDX100ED3WW; https://www.searspartsdirect.com/model/4x4e8wp29p-001811/hotpoint-htdx100ed3ww-dryer-parts?page=5
Drum,507,WE4M137,WE4M137,Dryer High-limit Thermostat,false,In Stock,105.26,85.95,105.26,searspartsdirect.com,ge_appliance_parts_complete_bom_csv; sears_partsdirect_screenshot_json; sears_catalog_api_capture; operator_price_comparison_csv,,https://www.geapplianceparts.com/store/parts/assembly/HTDX100ED3WW; https://www.searspartsdirect.com/model/4x4e8wp29p-001811/hotpoint-htdx100ed3ww-dryer-parts?page=1; https://www.searspartsdirect.com/model/4x4e8wp29p-001811/hotpoint-htdx100ed3ww-dryer-parts
Drum,508,WE00X1811,WE00X1811,Shaft,,No longer made / no substitute,,,,,sears_partsdirect_screenshot_json,not_in_complete_bom_csv,https://www.searspartsdirect.com/model/4x4e8wp29p-001811/hotpoint-htdx100ed3ww-dryer-parts?page=9
Drum,509,WE14X20426,WE14X20426,Baffle,true,No longer made / no substitute,,,,,ge_appliance_parts_complete_bom_csv; sears_partsdirect_screenshot_json,,https://www.geapplianceparts.com/store/parts/assembly/HTDX100ED3WW; https://www.searspartsdirect.com/model/4x4e8wp29p-001811/hotpoint-htdx100ed3ww-dryer-parts?page=9
Drum,510,WE1M780,WE1M780,Dryer Heating Element Bracket,false,In Stock,9.89,,9.89,searspartsdirect.com,ge_appliance_parts_complete_bom_csv; sears_partsdirect_screenshot_json,,https://www.geapplianceparts.com/store/parts/assembly/HTDX100ED3WW; https://www.searspartsdirect.com/model/4x4e8wp29p-001811/hotpoint-htdx100ed3ww-dryer-parts?page=4
Drum,512,WE11X20397,WE11X20397,Mica heater & housing assembly,false,In Stock,164.63,,164.63,searspartsdirect.com,ge_appliance_parts_complete_bom_csv; sears_partsdirect_screenshot_json,,https://www.geapplianceparts.com/store/parts/assembly/HTDX100ED3WW; https://www.searspartsdirect.com/model/4x4e8wp29p-001811/hotpoint-htdx100ed3ww-dryer-parts?page=2
Drum,513,WE11X20400,WE11M10002,Heater housing,false,,,,,,ge_appliance_parts_complete_bom_csv,missing_from_sears_rendered_rows,https://www.geapplianceparts.com/store/parts/assembly/HTDX100ED3WW
Drum,514,WE11M10001,WE11M10001,Heating Element Assembly,false,In Stock,150.89,124.95,150.89,searspartsdirect.com,ge_appliance_parts_complete_bom_csv; sears_partsdirect_screenshot_json; operator_price_comparison_csv,sears_price_conflict,https://www.geapplianceparts.com/store/parts/assembly/HTDX100ED3WW; https://www.searspartsdirect.com/model/4x4e8wp29p-001811/hotpoint-htdx100ed3ww-dryer-parts?page=6
Drum,515,WE1M1015,WE1M1015,Ground strap,false,In Stock,11.78,,11.78,searspartsdirect.com,ge_appliance_parts_complete_bom_csv; sears_partsdirect_screenshot_json,,https://www.geapplianceparts.com/store/parts/assembly/HTDX100ED3WW; https://www.searspartsdirect.com/model/4x4e8wp29p-001811/hotpoint-htdx100ed3ww-dryer-parts?page=5
Drum,534,WE2M163,WE2M163,Washer Screw,false,In Stock,11.07,,11.07,searspartsdirect.com,ge_appliance_parts_complete_bom_csv; sears_partsdirect_screenshot_json,,https://www.geapplianceparts.com/store/parts/assembly/HTDX100ED3WW; https://www.searspartsdirect.com/model/4x4e8wp29p-001811/hotpoint-htdx100ed3ww-dryer-parts?page=2
Drum,3102,WE1M300,WE1M300,Dryer Drum Bearing Bracket,false,In Stock,47.92,38.95,47.92,searspartsdirect.com,ge_appliance_parts_complete_bom_csv; sears_partsdirect_screenshot_json; sears_catalog_api_capture; operator_price_comparison_csv,,https://www.geapplianceparts.com/store/parts/assembly/HTDX100ED3WW; https://www.searspartsdirect.com/model/4x4e8wp29p-001811/hotpoint-htdx100ed3ww-dryer-parts?page=1; https://www.searspartsdirect.com/model/4x4e8wp29p-001811/hotpoint-htdx100ed3ww-dryer-parts
Drum,3106,WE1M462,WE1M462,Kenmore Dryer Rear Bearing,false,In Stock,28.61,11.95,28.61,searspartsdirect.com,ge_appliance_parts_complete_bom_csv; sears_partsdirect_screenshot_json; operator_price_comparison_csv,sears_price_conflict,https://www.geapplianceparts.com/store/parts/assembly/HTDX100ED3WW; https://www.searspartsdirect.com/model/4x4e8wp29p-001811/hotpoint-htdx100ed3ww-dryer-parts?page=5
Drum,3127,WE1M461,WE1M461,Kenmore Dryer Rear Bearing O-ring,false,In Stock,20.72,,20.72,searspartsdirect.com,ge_appliance_parts_complete_bom_csv; sears_partsdirect_screenshot_json,has_duplicate_rendered_sears_rows,https://www.geapplianceparts.com/store/parts/assembly/HTDX100ED3WW; https://www.searspartsdirect.com/model/4x4e8wp29p-001811/hotpoint-htdx100ed3ww-dryer-parts?page=5
Front Panel and Door,112,WE1M934,WE1M934,Door Reversal Plug,false,In Stock,9.02,,9.02,searspartsdirect.com,ge_appliance_parts_complete_bom_csv; sears_partsdirect_screenshot_json,,https://www.geapplianceparts.com/store/parts/assembly/HTDX100ED3WW; https://www.searspartsdirect.com/model/4x4e8wp29p-001811/hotpoint-htdx100ed3ww-dryer-parts?page=4
Front Panel and Door,300,WE18M28,WE18X25100,Filter & mesh assembly,false,In Stock,64.09,28.95,64.09,searspartsdirect.com,ge_appliance_parts_complete_bom_csv; sears_partsdirect_screenshot_json; operator_price_comparison_csv,sears_price_conflict,https://www.geapplianceparts.com/store/parts/assembly/HTDX100ED3WW; https://www.searspartsdirect.com/model/4x4e8wp29p-001811/hotpoint-htdx100ed3ww-dryer-parts?page=6
Front Panel and Door,301,WE20X20409,WE49X22295,Dryer Door Inner Panel,false,In Stock,254.34,,254.34,searspartsdirect.com,ge_appliance_parts_complete_bom_csv; sears_partsdirect_screenshot_json,has_duplicate_rendered_sears_rows,https://www.geapplianceparts.com/store/parts/assembly/HTDX100ED3WW; https://www.searspartsdirect.com/model/4x4e8wp29p-001811/hotpoint-htdx100ed3ww-dryer-parts?page=7
Front Panel and Door,305,WE10X20418,WE49X22295,"Inner door assembly, white",false,In Stock,254.34,,254.34,searspartsdirect.com,ge_appliance_parts_complete_bom_csv; sears_partsdirect_screenshot_json,has_duplicate_rendered_sears_rows,https://www.geapplianceparts.com/store/parts/assembly/HTDX100ED3WW; https://www.searspartsdirect.com/model/4x4e8wp29p-001811/hotpoint-htdx100ed3ww-dryer-parts?page=7
Front Panel and Door,307,WE10X20468,WE10X20468,Dryer Door Outer Panel (white),true,No longer made / no substitute,,,,,ge_appliance_parts_complete_bom_csv; sears_partsdirect_screenshot_json,,https://www.geapplianceparts.com/store/parts/assembly/HTDX100ED3WW; https://www.searspartsdirect.com/model/4x4e8wp29p-001811/hotpoint-htdx100ed3ww-dryer-parts?page=9
Front Panel and Door,311,WE14X20425,WE14X25080,Trap duct,false,,,,,,ge_appliance_parts_complete_bom_csv,missing_from_sears_rendered_rows,https://www.geapplianceparts.com/store/parts/assembly/HTDX100ED3WW
Front Panel and Door,312,WE09X20441,WE09X27634,Dryer duct trap felt,false,In Stock,35.47,,35.47,searspartsdirect.com,ge_appliance_parts_complete_bom_csv; sears_partsdirect_screenshot_json,,https://www.geapplianceparts.com/store/parts/assembly/HTDX100ED3WW; https://www.searspartsdirect.com/model/4x4e8wp29p-001811/hotpoint-htdx100ed3ww-dryer-parts?page=7
Front Panel and Door,313,WE03X20228,WE3M56,Top bearing,false,In Stock,46.42,,46.42,searspartsdirect.com,ge_appliance_parts_complete_bom_csv; sears_partsdirect_screenshot_json,has_duplicate_rendered_sears_rows,https://www.geapplianceparts.com/store/parts/assembly/HTDX100ED3WW; https://www.searspartsdirect.com/model/4x4e8wp29p-001811/hotpoint-htdx100ed3ww-dryer-parts?page=7
Front Panel and Door,316,WE3M52,WE03X37320,"Dryer Drum Glide Bearing, Upper",false,In Stock,19.33,,19.33,searspartsdirect.com,ge_appliance_parts_complete_bom_csv; sears_partsdirect_screenshot_json,,https://www.geapplianceparts.com/store/parts/assembly/HTDX100ED3WW; https://www.searspartsdirect.com/model/4x4e8wp29p-001811/hotpoint-htdx100ed3ww-dryer-parts?page=7
Front Panel and Door,317,WE3M51,WE03X37319,Dryer Drum Glide Bearing,false,In Stock,12.19,9.95,12.19,searspartsdirect.com,ge_appliance_parts_complete_bom_csv; sears_partsdirect_screenshot_json; sears_catalog_api_capture; operator_price_comparison_csv,,https://www.geapplianceparts.com/store/parts/assembly/HTDX100ED3WW; https://www.searspartsdirect.com/model/4x4e8wp29p-001811/hotpoint-htdx100ed3ww-dryer-parts?page=1; https://www.searspartsdirect.com/model/4x4e8wp29p-001811/hotpoint-htdx100ed3ww-dryer-parts
Front Panel and Door,319,WD21M131,WE2M196,Ground Screw,false,In Stock,10.69,,10.69,searspartsdirect.com,ge_appliance_parts_complete_bom_csv; sears_partsdirect_screenshot_json,,https://www.geapplianceparts.com/store/parts/assembly/HTDX100ED3WW; https://www.searspartsdirect.com/model/4x4e8wp29p-001811/hotpoint-htdx100ed3ww-dryer-parts?page=8
Front Panel and Door,325,WE1M825,WE1M825,Self-adhesive gasket for lint trap,false,In Stock,9.32,7.95,9.32,searspartsdirect.com,ge_appliance_parts_complete_bom_csv; sears_partsdirect_screenshot_json; sears_catalog_api_capture; operator_price_comparison_csv,,https://www.geapplianceparts.com/store/parts/assembly/HTDX100ED3WW; https://www.searspartsdirect.com/model/4x4e8wp29p-001811/hotpoint-htdx100ed3ww-dryer-parts?page=1; https://www.searspartsdirect.com/model/4x4e8wp29p-001811/hotpoint-htdx100ed3ww-dryer-parts
Front Panel and Door,327,WE1M536,WE1M1011,Door latch,false,In Stock,13.61,,13.61,searspartsdirect.com,ge_appliance_parts_complete_bom_csv; sears_partsdirect_screenshot_json,,https://www.geapplianceparts.com/store/parts/assembly/HTDX100ED3WW; https://www.searspartsdirect.com/model/4x4e8wp29p-001811/hotpoint-htdx100ed3ww-dryer-parts?page=2
Front Panel and Door,380,WE4M415,WE4M415,Dryer Door Switch,false,In Stock,34.44,24.95,34.44,searspartsdirect.com,ge_appliance_parts_complete_bom_csv; sears_partsdirect_screenshot_json; sears_catalog_api_capture; operator_price_comparison_csv,,https://www.geapplianceparts.com/store/parts/assembly/HTDX100ED3WW; https://www.searspartsdirect.com/model/4x4e8wp29p-001811/hotpoint-htdx100ed3ww-dryer-parts?page=1; https://www.searspartsdirect.com/model/4x4e8wp29p-001811/hotpoint-htdx100ed3ww-dryer-parts
Front Panel and Door,507,WE4M137,WE4M137,Dryer High-limit Thermostat,false,In Stock,105.26,85.95,105.26,searspartsdirect.com,ge_appliance_parts_complete_bom_csv; sears_partsdirect_screenshot_json; sears_catalog_api_capture; operator_price_comparison_csv,,https://www.geapplianceparts.com/store/parts/assembly/HTDX100ED3WW; https://www.searspartsdirect.com/model/4x4e8wp29p-001811/hotpoint-htdx100ed3ww-dryer-parts?page=1; https://www.searspartsdirect.com/model/4x4e8wp29p-001811/hotpoint-htdx100ed3ww-dryer-parts
Front Panel and Door,603,WE01X20419,WE01X20419,Dryer Door Handle (white),false,In Stock,25.53,13.95,25.53,searspartsdirect.com,ge_appliance_parts_complete_bom_csv; sears_partsdirect_screenshot_json; operator_price_comparison_csv,sears_price_conflict,https://www.geapplianceparts.com/store/parts/assembly/HTDX100ED3WW; https://www.searspartsdirect.com/model/4x4e8wp29p-001811/hotpoint-htdx100ed3ww-dryer-parts?page=5
Front Panel and Door,3046,WE2M196,WE2M196,Ground Screw,false,In Stock,10.69,,10.69,searspartsdirect.com,ge_appliance_parts_complete_bom_csv; sears_partsdirect_screenshot_json,,https://www.geapplianceparts.com/store/parts/assembly/HTDX100ED3WW; https://www.searspartsdirect.com/model/4x4e8wp29p-001811/hotpoint-htdx100ed3ww-dryer-parts?page=8
Front Panel and Door,3046,WE2M198,WE2M198,Screw #8,,In Stock,10.69,,10.69,searspartsdirect.com,sears_partsdirect_screenshot_json,not_in_complete_bom_csv,https://www.searspartsdirect.com/model/4x4e8wp29p-001811/hotpoint-htdx100ed3ww-dryer-parts?page=4
Front Panel and Door,3049,WE01X1192,WE1X1192,Door strike,false,In Stock,9.32,,9.32,searspartsdirect.com,ge_appliance_parts_complete_bom_csv; sears_partsdirect_screenshot_json,,https://www.geapplianceparts.com/store/parts/assembly/HTDX100ED3WW; https://www.searspartsdirect.com/model/4x4e8wp29p-001811/hotpoint-htdx100ed3ww-dryer-parts?page=2
Front Panel and Door,3051,WE1M505,WE1M1033,Dryer Door Hinge,false,In Stock,8.69,,8.69,searspartsdirect.com,ge_appliance_parts_complete_bom_csv; sears_partsdirect_screenshot_json,,https://www.geapplianceparts.com/store/parts/assembly/HTDX100ED3WW; https://www.searspartsdirect.com/model/4x4e8wp29p-001811/hotpoint-htdx100ed3ww-dryer-parts?page=7
See All Related Diagrams,See All,WE1M260,WE1M260,Screw,,In Stock,10.47,,10.47,searspartsdirect.com,sears_partsdirect_screenshot_json,not_in_complete_bom_csv,https://www.searspartsdirect.com/model/4x4e8wp29p-001811/hotpoint-htdx100ed3ww-dryer-parts?page=3
